station_name,rank,recommendation,rent_1ldk,is_quiet_selection
大岡山,A,東急2路線が交差。急行停車駅の利便性と、大学街らしい落ち着き、活気ある商店街が共存。,14.5,1
自由が丘,S,洗練されたショップと閑静な邸宅街が共存。独自の街文化と教育環境の充実が高い支持を集めています。,18.5
代々木上原,S,閑静な住宅街と都心アクセスの良さを両立。子育て世帯に人気のエリアです。,17.5,1
二子玉川,S,再開発で商業・住環境が充実。多摩川の緑と利便性を同時に楽しめる街です。,17,1
成城学園前,S,緑豊かな住宅街と小田急の利便性。教育環境も整いファミリーに選ばれています。,16,1
広尾,S,国際色豊かで落ち着いた街並み。大使館周辺の静かさと都心アクセスの良さが魅力です。,21,1
白金高輪,S,高級住宅街の佇まいと地下鉄の利便性。治安の良さと住環境の高さで人気です。,20
恵比寿,S,オシャレな商業施設と住環境のバランス。都心へのアクセスも抜群です。,19.5
目黒,S,山手線と地下鉄の乗り換え拠点。駅周辺の整備が進み住みやすさが向上しています。,19
本駒込,S,落ち着いた住宅街で教育機関も身近。都心まで無理のない距離です。,15,1
駒込,A,山手線内側の静かな文教地区。六義園の緑を日常にしつつ、南北線で都心を縦断できる。,14.5,1
茗荷谷,S,坂の街の風情と地下鉄のアクセス。子育て支援も手厚いエリアです。,15.5,1
神楽坂,S,花街の風情と現代の便利さが融合。飲食店や文化施設が身近にあります。,17,1
麻布十番,S,下町と高級感が混ざる独特の雰囲気。食や散策を楽しめる街です。,20,1
代官山,S,おしゃれなショップと閑静な住宅街。洗練された住環境を求める層に人気です。,18.5,1
中目黒,S,カフェや雑貨店が並ぶ街並みと目黒川の四季。都心に近い住みやすさです。,18
学芸大学,S,学生街の活気と住宅地の落ち着き。子育て世帯にも支持されています。,15
田園調布,S,高級住宅地として知られる静かな環境。電車のアクセスも良好です。,17.5,1
奥沢,S,緑豊かで閑静。自由が丘に近く買い物や通勤にも便利です。,16.5,1
尾山台,A,静かな住宅街と東急線の利便性。子育て環境も評価されています。,15,1
上野毛,A,緑が多く落ち着いた住環境。都心へのアクセスも悪くありません。,14.5,1
代々木公園,S,広い公園と都心への近さ。スポーツや散策を日常に取り入れやすいエリアです。,17
千駄ヶ谷,S,新宿・渋谷に近く再開発で利便性が向上。住環境も整っています。,18.5,1
市ヶ谷,S,ビジネス街と住宅が混在。総武線・南北線など乗り換えが便利です。,17.5,1
四ツ谷,S,中央線・南北線・丸ノ内線が交差。都心各方面へのアクセスに優れています。,18,1
神泉,S,渋谷に近い閑静な住宅地。静かさと利便性を両立したエリアです。,19,1
六本木,S,六本木に近く夜は静か。都心勤務に便利な立地です。,20.5
表参道,S,表参道のブランド街に近く緑も多い。セレブな住環境です。,22
駒沢大学,S,大学周辺の活気と住宅地の落ち着き。世田谷らしい住みやすさがあります。,15.5,1
三軒茶屋,A,下町の雰囲気とアクセスの良さ。飲食店や買い物も充実した街です。,16
荏原町,B,職住近接の穴場的アクセスで昔ながらの商店街が賑わっている。子育てにも最適。,13,1
旗の台,A,東急線の利便性と住宅地の落ち着き。買い物や医療も身近です。,14,1
西小山,P,目黒線の注目株。洗練された個人店が増え、共働き世帯の流入が続く人気急上昇エリア。,14.5,1
武蔵小山,S,圧倒的な交通利便性と駅前の超高層ビル群による利便性が融合。共働き世帯に人気です。,15
大井町,P,3路線利用の利便性に加え再開発で資産価値が上昇中。品川区の強固な地盤と実利を兼ね備えた選択肢です。,15.5,0
豊洲,A,湾岸再開発の象徴。タワーマンションと巨大モール、整然とした街並みがパワーカップルを魅了。,16.5,0
月島,A,もんじゃストリートで知られる下町エリア。再開発で住環境が向上しています。,16
勝どき,P,国内最大級のタワーマンション群が形成する近未来的な街並み。職住近接を実現できるエリアです。,17
清澄白河,A,ブルーボトルでにぎわう街。下町の風情と新しいカルチャーが共存しています。,15,1
門前仲町,A,深川の下町情緒と地下鉄の利便性。人形町・日本橋にも近いです。,14.5,1
北千住,P,5路線利用可能な東のハブ。近年住みたい街として急浮上。高い利便性と割安な家賃が魅力。,11,0
三鷹,A,スタジオジブリで知られる街。中央線のアクセスと緑豊かな環境が魅力です。,13.5,1
吉祥寺,S,住みたい街ランキング常連。商業・自然・アクセスのバランスが良いエリアです。,14
荻窪,A,中央線・丸ノ内線の乗り換え。商店街や緑もあり住みやすい街です。,13.5,1
阿佐ヶ谷,A,中央線特有の文化的な香り。ケヤキ並木と商店街が美しく、自分らしい暮らしを求める層に。,13.5
笹塚,P,新宿へ1駅。京王線の利便性と、昔ながらの商店街、新しい駅ビルが融合した生活至便の街。,13.5
経堂,A,活気ある商店街と整備された住宅地。小田急線の急行利用で、都心へのアクセスも極めてスムーズ。,14,1
千歳船橋,A,駅前の商店街が充実し、家族の食卓を支える。親しみやすい雰囲気で子育て世帯に人気。,13.5,1
桜新町,A,閑静な住宅地と東急線の利便性。世田谷らしい住みやすさがあります。,14.5,1
用賀,A,東急線の乗り換え拠点。商業施設も整い生活利便性が高いです。,14.5,1
都立大学,A,東急線のアクセスと住宅地の落ち着き。子育て世帯にも人気です。,14
祐天寺,A,東横線の洗練と古き良き街並みが融合。中目黒・渋谷至近ながら、地に足のついた生活感。,15.5
池尻大橋,A,渋谷・二子玉川方面へのアクセスが良い。再開発で利便性が向上しています。,15.5
浜田山,A,閑静な住宅街と京王線の利便性。緑が多く落ち着いた住環境です。,13.5,1
永福町,A,京王線のアクセスと住宅地の静かさ。都心まで無理のない距離です。,13,1
久我山,A,中央線の利便性と住宅地の落ち着き。教育環境も評価されています。,13,1
仙川,A,京王線のアクセスと商店街の賑わい。子育て世帯にも選ばれています。,13
成増,A,副都心線・東武線の乗り換え。北区の拠点として発展しています。,12.5,1
練馬,P,4路線利用可能な西武線のハブ。大江戸線で六本木直通、コスパ良く都心を使いこなせる。,12,0
石神井公園,P,特急停車駅。駅周辺の開発と、広大な公園の自然が融合。オンオフの切り替えに最適。,12.5,1
赤羽,A,埼玉・都心双方へのアクセスが良い。商業施設も充実した北の拠点です。,12.5
王子,P,南北線と京浜東北線のクロスポイント。六本木・東京へ1本という、共働きに理想的なアクセス。,12
日暮里,B,山手線・京浜東北線・常磐線など多路線。上野・池袋方面へのアクセスも良好です。,13
蔵前,A,都営浅草線・大江戸線の乗り換え。下町の雰囲気と利便性を両立しています。,14,1
人形町,A,老舗や飲食店が並ぶ下町エリア。半蔵門線・日比谷線で都心アクセスも良好です。,15
浜町,A,人形町に近く中央区の落ち着いたエリア。水辺の景観も楽しめます。,15
築地,A,市場の賑わいと銀座・日本橋への近さ。再開発後も交通・商業の利便性が高いです。,17
田町,B,臨海部の高層住宅と山手線の利便性。都心勤務に便利な立地です。,18
練馬春日町,B,西武線のアクセスと住宅地の落ち着き。練馬区らしい住みやすさがあります。,11.5
光が丘,B,大江戸線の終点。広い公園と商業施設が整った街です。,12
高井戸,B,京王線・井の頭線の乗り換え。杉並区の住宅地として人気です。,12.5
方南町,B,地下鉄丸ノ内線のアクセス。中野・新宿方面への通勤に便利です。,13
新中野,B,丸ノ内線の利便性と住宅地の静かさ。都心へのアクセスも良好です。,13.5
東中野,P,新宿・六本木へ直通。大江戸線と総武線の2路線で、多忙な夫婦の時間を最大化する。,13.5
中野,P,大規模再開発で進化し続けるサブカルの聖地。圧倒的商業利便性と、高い資産価値を維持。,14
西荻窪,A,吉祥寺の一歩手前。落ち着いたアンティーク店や個人飲食店が多く、知的な生活者が好む街。,13,1
上石神井,B,西武線の住宅地。緑が多く落ち着いた住環境です。,11.5,1
鷺ノ宮,B,西武線のアクセスと住宅地の落ち着き。中野区の住みやすいエリアです。,12
江古田,P,大学が集まる文化の街。商店街が賑やかで生活費が抑えられ、都心アクセスの良さも健在。,12
千駄木,B,谷中・根津に近い文京区の住宅地。緑と下町の雰囲気が魅力です。,14,1
根津,B,谷中銀座に近い下町エリア。都心へのアクセスも悪くありません。,14
谷中(日暮里),B,芸術・文化の街として人気。日暮里駅に近く上野・池袋方面へのアクセスも良好です。,13.5
森下,B,都営新宿線・大江戸線の乗り換え。江東区の利便性の高いエリアです。,13
菊川,B,錦糸町・亀戸に近い墨田区の住宅地。総武線のアクセスがあります。,12
木場,B,木材問屋の街から住宅・商業が混在。東西線・大江戸線の利便性があります。,13
東陽町,B,東西線のアクセスと江東区の住宅・商業のバランス。都心への通勤に便利です。,13
西葛西,B,ディズニーリゾートへのアクセスが良い。江戸川区の住宅地として発展しています。,11
葛西,B,京葉線・東西線の乗り換え。臨海部へのアクセスに優れています。,11.5
瑞江,B,都営新宿線の住宅地。江戸川区の落ち着いた住環境です。,11
船堀,B,都営新宿線の利便性と住宅地の静かさ。都心へのアクセスも確保されています。,11.5
青物横丁,B,京急線のアクセスと品川区の住宅地。羽田・都心方面への通勤に便利です。,13
立会川,B,京急線の利便性と住宅地の落ち着き。品川・横浜方面へのアクセスが良好です。,12.5
蒲田,B,京急・東急・JRが交差する交通の要所。商業・医療も充実した大田区の中心です。,11.5
京急蒲田,P,京急本線の拠点。羽田・都心・横浜へのアクセスに優れ、蒲田エリアのポテンシャルを担う駅。,11.5
池上,B,東急池上線の住宅地。大田区らしい下町の雰囲気があります。,11
雪が谷大塚,B,東急線のアクセスと住宅地の静かさ。多摩川方面へのアクセスも便利です。,11,1
御嶽山,B,東急線の住宅地。緑が多く落ち着いた住環境です。,11,1
石川台,B,東急線の利便性と住宅地の落ち着き。都心への通勤にも適しています。,11.5,1
洗足,B,東急線の閑静な住宅地。目黒に近く住環境の高さで知られています。,15,1
戸越銀座,B,商店街でにぎわう品川区の住宅地。東急線のアクセスで都心にも出やすく住みやすい街です。,13.5
不動前,A,目黒1駅の圧倒的利便性。家賃と利便性のバランスが極めて良く、賢い共働きに選ばれる。,14.5,1
戸越公園,P,再開発で美しく整備された街並み。品川区の充実した子育て支援と、程よい下町感が魅力。,14,1
中延,P,浅草線と大井町線が利用可。日本橋・六本木・品川へ好アクセスな、共働きの戦略的拠点。,14
西大井,P,JR横須賀線で東京駅直通13分。品川区の閑静な住宅街で、コスパとタイパを両立。,15,1
馬込,B,浅草線で都心を縦断。高台の住宅街で、喧騒を避けた穏やかな生活環境が手に入る。,13
西馬込,A,浅草線の始発駅。座って通勤できる贅沢と、落ち着いた住環境が共働き層に支持される。,12.5,1
世田谷代田,A,下北沢徒歩圏。話題の再開発エリア「シモキタエキウエ」に近く、感度の高い生活。,15,1
桜上水,A,急行停車駅でありながら、駅周辺は驚くほど静か。近年中に踏切が消え、利便性が抜群に。,14,1
田端,P,山手線最安エリア。東京駅至近という強みを持ちつつ、落ち着いた下町の雰囲気で生活しやすい。,12
有明,P,新しい街並みと広大な公園。先進的なタワーライフを求める、新世代の共働き世帯の聖地。,17
新浦安,P,計画的に整備された美しい街並み。広い公園と海を感じる開放感が、週末のQOLを高める。,14
武蔵浦和,P,埼京線快速停車駅。都心へのスピードアクセスと、充実した子育て施設が共働きの味方。,12
流山おおたかの森,P,「母になるなら、流山市」。圧倒的な子育て支援と、駅前の利便性が全国から人を集める。,13
武蔵小杉,A,東急東横線・JR南武線・湘南新宿ラインが交差。都心へのアクセスと駅周辺の利便性で人気。,,0
たまプラーザ,A,東急田園都市線の急行停車駅。駅前の商業施設と緑豊かな住宅地が調和した街。,14,1
浦和,P,JR京浜東北線・宇都宮線の拠点。埼玉県の中心として商業・行政が集積。,11
市川,A,総武線・京成線が利用可能。千葉県の西北端で都心へのアクセスが良好。,12.5
さいたま新都心,P,新幹線・在来線が乗り入れする交通拠点。オフィスと商業施設が集積。,13
新松戸,P,常磐線・武蔵野線の乗り換え駅。松戸市の副都心として発展。,12
海浜幕張,P,京葉線の終着駅。幕張新都心の商業・業務・住宅が集積した臨海エリア。,14

緑が丘,B,東急大井町線の閑静な住宅地。緑豊かで住環境の良さが評価されています。,14,1
北千束,B,東急大井町線。洗足・大岡山に近く落ち着いた住環境です。,13.5,1
富士見ヶ丘,B,京王線の住宅地。緑が多く閑静な環境が魅力です。,12.5,1
井の頭公園,B,井の頭線の公園駅。自然と都心アクセスを両立。,15,1
上北沢,B,京王線の住宅地。下北沢に近く利便性が高いです。,13,1
松原,B,京王線。新宿・都心へのアクセスに優れています。,13,1
喜多見,B,小田急線の住宅地。成城学園前に近い閑静なエリアです。,15,1
高輪台,B,城南五山の高台。品川・五反田も徒歩圏の利便性。,18,1
代々木八幡,B,小田急線の住宅地。代々木公園に近く緑豊かです。,16,1
下落合,B,山手線目白に近い静かな住宅地。学習院大学周辺の文教地区。,14,1
白山,B,都営三田線の住宅地。文京区らしい落ち着いた環境です。,14,1
江戸川橋,B,有楽町線の住宅地。護国寺に近い文京区の住環境。,15,1
上野桜木,B,桜木・谷中に近い下町の風情あるエリアです。,14,1
南青山,B,表参道・青山の中心。ブランドと静寂が共存するエリア。,22,1
赤羽西,B,埼玉・都心双方へのアクセスが良い赤羽の西側。落ち着いた住環境。,12,1
王子本町,B,王子・赤羽に近い北区の住宅地。利便性と住みやすさを両立。,12,1
善福寺,B,西武新宿線の住宅地。善福寺川沿いの緑豊かな環境です。,12,1
和光市,B,東武東上線・地下鉄有楽町線の拠点。埼玉の利便性の高い街です。,11,1
田無,B,西武新宿線の拠点。青梅街道沿いの商業・住環境が充実。,11.5,1
分倍河原,B,京王線・南武線の乗り換え。多摩地域のアクセス拠点です。,12,1
聖蹟桜ヶ丘,B,京王線のターミナル。多摩センターに近く利便性が高いです。,13,1
多摩センター,B,多摩ニュータウンの中心。商業・業務・住が集積した街です。,12,1
青葉台,B,東急田園都市線の急行停車。緑豊かな横浜市の住宅地です。,13,1
あざみ野,B,東急田園都市線・横浜市営地下鉄の乗り換え。横浜の利便性の高いエリア。,13,1
日吉,B,東急東横線・横浜市営地下鉄・目黒線の拠点。都心・横浜へのアクセスに優れる。,14,1
大倉山,B,東急東横線の住宅地。横浜に近く閑静な住環境です。,12,1
菊名,B,東急東横線・横浜市営地下鉄の乗り換え。都心・横浜双方へのアクセスが良好。,13,1
目白,B,山手線内側の学習院大学を擁する文教地区。落ち着いた住環境です。,18,1
巣鴨,B,「おばあちゃんの原宿」。山手線内側の静かな住宅街として人気です。,14,1
大泉学園,B,西武線の急行停車。練馬区の緑豊かな住宅地です。,11.5,1
国立,B,一橋大学を擁する大学街。中央線の利便性と教育環境が魅力です。,13,1
等々力,B,等々力渓谷に代表される自然豊かな世田谷の住宅地です。,16,1
九品仏,B,浄真寺の門前。自由が丘に近い閑静な住宅街です。,15,1
久が原,B,大田区の高台住宅地。東急池上線の落ち着いた住環境です。,11.5,1
