station_name,rank,recommendation,rent_1ldk
大岡山,A,職住近接の穴場的アクセスで昔ながらの商店街が賑わっている。子育てにも最適。,14.5
自由が丘,S,洗練されたショップと閑静な邸宅街が共存。独自の街文化と教育環境の充実が高い支持を集めています。,18.5
代々木上原,S,閑静な住宅街と都心アクセスの良さを両立。子育て世帯に人気のエリアです。,17.5
二子玉川,S,再開発で商業・住環境が充実。多摩川の緑と利便性を同時に楽しめる街です。,17
成城学園前,S,緑豊かな住宅街と小田急の利便性。教育環境も整いファミリーに選ばれています。,16
広尾,S,国際色豊かで落ち着いた街並み。大使館周辺の静かさと都心アクセスの良さが魅力です。,21
白金高輪,S,高級住宅街の佇まいと地下鉄の利便性。治安の良さと住環境の高さで人気です。,20
恵比寿,S,オシャレな商業施設と住環境のバランス。都心へのアクセスも抜群です。,19.5
目黒,S,山手線と地下鉄の乗り換え拠点。駅周辺の整備が進み住みやすさが向上しています。,19
本駒込,S,落ち着いた住宅街で教育機関も身近。都心まで無理のない距離です。,15
駒込,S,下町の雰囲気と山手線の利便性。買い物や医療も充実した住みやすいエリアです。,14.5
茗荷谷,S,坂の街の風情と地下鉄のアクセス。子育て支援も手厚いエリアです。,15.5
神楽坂,S,花街の風情と現代の便利さが融合。飲食店や文化施設が身近にあります。,17
麻布十番,S,下町と高級感が混ざる独特の雰囲気。食や散策を楽しめる街です。,20
代官山,S,おしゃれなショップと閑静な住宅街。洗練された住環境を求める層に人気です。,18.5
中目黒,S,カフェや雑貨店が並ぶ街並みと目黒川の四季。都心に近い住みやすさです。,18
学芸大学,S,学生街の活気と住宅地の落ち着き。子育て世帯にも支持されています。,15
田園調布,S,高級住宅地として知られる静かな環境。電車のアクセスも良好です。,17.5
奥沢,S,緑豊かで閑静。自由が丘に近く買い物や通勤にも便利です。,16.5
尾山台,S,静かな住宅街と東急線の利便性。子育て環境も評価されています。,15
上野毛,S,緑が多く落ち着いた住環境。都心へのアクセスも悪くありません。,14.5
代々木公園,S,広い公園と都心への近さ。スポーツや散策を日常に取り入れやすいエリアです。,17
千駄ヶ谷,S,新宿・渋谷に近く再開発で利便性が向上。住環境も整っています。,18.5
市ヶ谷,S,ビジネス街と住宅が混在。総武線・南北線など乗り換えが便利です。,17.5
四ツ谷,S,中央線・南北線・丸ノ内線が交差。都心各方面へのアクセスに優れています。,18
神泉,S,渋谷に近い閑静な住宅地。静かさと利便性を両立したエリアです。,19
六本木,S,六本木に近く夜は静か。都心勤務に便利な立地です。,20.5
表参道,S,表参道のブランド街に近く緑も多い。セレブな住環境です。,22
駒沢大学,S,大学周辺の活気と住宅地の落ち着き。世田谷らしい住みやすさがあります。,15.5
三軒茶屋,A,下町の雰囲気とアクセスの良さ。飲食店や買い物も充実した街です。,16
荏原町,A,職住近接の穴場的アクセスで昔ながらの商店街が賑わっている。子育てにも最適。,13
旗の台,A,東急線の利便性と住宅地の落ち着き。買い物や医療も身近です。,14
西小山,A,武蔵小山に近く住環境は良好。都心へのアクセスも確保されています。,14.5
武蔵小山,S,圧倒的な交通利便性と駅前の超高層ビル群による利便性が融合。共働き世帯に人気です。,15
大井町,A,3路線利用の利便性に加え再開発で資産価値が上昇中。品川区の強固な地盤と実利を兼ね備えた選択肢です。,15.5
豊洲,A,大規模タワマンと商業施設が集積。職住近接と子育て環境の良さで人気です。,16.5
月島,A,もんじゃストリートで知られる下町エリア。再開発で住環境が向上しています。,16
晴海(勝どき),A,国内最大級のタワーマンション群が形成する近未来的な街並み。職住近接を実現できるエリアです。,17
清澄白河,A,ブルーボトルでにぎわう街。下町の風情と新しいカルチャーが共存しています。,15
門前仲町,A,深川の下町情緒と地下鉄の利便性。人形町・日本橋にも近いです。,14.5
北千住,A,5路線が交差する交通の要所。商業施設も充実し生活利便性が高いです。,11
三鷹,A,スタジオジブリで知られる街。中央線のアクセスと緑豊かな環境が魅力です。,13.5
吉祥寺,S,住みたい街ランキング常連。商業・自然・アクセスのバランスが良いエリアです。,14
荻窪,A,中央線・丸ノ内線の乗り換え。商店街や緑もあり住みやすい街です。,13.5
阿佐ヶ谷,A,中央線のアクセスと商店街の賑わい。アートやカルチャーも身近です。,13.5
笹塚,A,京王線の利便性と住宅地の落ち着き。新宿まで一本で出られます。,13.5
経堂,A,小田急線の利便性と世田谷の住環境。買い物や子育てにも適したエリアです。,14
千歳船橋,A,緑が多く落ち着いた住宅街。都心へのアクセスも確保されています。,13.5
桜新町,A,閑静な住宅地と東急線の利便性。世田谷らしい住みやすさがあります。,14.5
用賀,A,東急線の乗り換え拠点。商業施設も整い生活利便性が高いです。,14.5
都立大学,A,東急線のアクセスと住宅地の落ち着き。子育て世帯にも人気です。,14
祐天寺,A,目黒に近く住環境は良好。都心への通勤にも便利です。,15.5
池尻大橋,A,渋谷・二子玉川方面へのアクセスが良い。再開発で利便性が向上しています。,15.5
浜田山,A,閑静な住宅街と京王線の利便性。緑が多く落ち着いた住環境です。,13.5
永福町,A,京王線のアクセスと住宅地の静かさ。都心まで無理のない距離です。,13
久我山,A,中央線の利便性と住宅地の落ち着き。教育環境も評価されています。,13
仙川,A,京王線のアクセスと商店街の賑わい。子育て世帯にも選ばれています。,13
成増,A,副都心線・東武線の乗り換え。北区の拠点として発展しています。,12.5
練馬,A,練馬区の中心駅。商業・行政・医療が集積した住みやすいエリアです。,12
石神井公園,A,豊かな緑と池の景観。西武線のアクセスで都心にも出やすく人気の住宅地です。,12.5
赤羽,A,埼玉・都心双方へのアクセスが良い。商業施設も充実した北の拠点です。,12.5
王子,A,北区の中心として発展。京浜東北線・南北線の利便性があります。,12
日暮里,A,山手線・京浜東北線・常磐線など多路線。上野・池袋方面へのアクセスも良好です。,13
蔵前,A,都営浅草線・大江戸線の乗り換え。下町の雰囲気と利便性を両立しています。,14
人形町,A,老舗や飲食店が並ぶ下町エリア。半蔵門線・日比谷線で都心アクセスも良好です。,15
浜町,A,人形町に近く中央区の落ち着いたエリア。水辺の景観も楽しめます。,15
築地,A,市場の賑わいと銀座・日本橋への近さ。再開発後も交通・商業の利便性が高いです。,17
田町,B,臨海部の高層住宅と山手線の利便性。都心勤務に便利な立地です。,18
練馬春日町,B,西武線のアクセスと住宅地の落ち着き。練馬区らしい住みやすさがあります。,11.5
光が丘,B,大江戸線の終点。広い公園と商業施設が整った街です。,12
高井戸,B,京王線・井の頭線の乗り換え。杉並区の住宅地として人気です。,12.5
方南町,B,地下鉄丸ノ内線のアクセス。中野・新宿方面への通勤に便利です。,13
新中野,B,丸ノ内線の利便性と住宅地の静かさ。都心へのアクセスも良好です。,13.5
東中野,B,総武線・大江戸線の乗り換え。新宿・渋谷方面へのアクセスに優れています。,13.5
西荻窪,B,中央線の利便性と個性的な商店街。住みやすさと街の雰囲気で選ばれています。,13
上石神井,B,西武線の住宅地。緑が多く落ち着いた住環境です。,11.5
鷺ノ宮,B,西武線のアクセスと住宅地の落ち着き。中野区の住みやすいエリアです。,12
江古田,B,西武線・有楽町線の乗り換え。練馬・池袋方面へのアクセスが便利です。,12
千駄木,B,谷中・根津に近い文京区の住宅地。緑と下町の雰囲気が魅力です。,14
根津,B,谷中銀座に近い下町エリア。都心へのアクセスも悪くありません。,14
谷中(日暮里),B,芸術・文化の街として人気。日暮里駅に近く上野・池袋方面へのアクセスも良好です。,13.5
森下,B,都営新宿線・大江戸線の乗り換え。江東区の利便性の高いエリアです。,13
菊川,B,錦糸町・亀戸に近い墨田区の住宅地。総武線のアクセスがあります。,12
木場,B,木材問屋の街から住宅・商業が混在。東西線・大江戸線の利便性があります。,13
東陽町,B,東西線のアクセスと江東区の住宅・商業のバランス。都心への通勤に便利です。,13
西葛西,B,ディズニーリゾートへのアクセスが良い。江戸川区の住宅地として発展しています。,11
葛西,B,京葉線・東西線の乗り換え。臨海部へのアクセスに優れています。,11.5
瑞江,B,都営新宿線の住宅地。江戸川区の落ち着いた住環境です。,11
船堀,B,都営新宿線の利便性と住宅地の静かさ。都心へのアクセスも確保されています。,11.5
青物横丁,B,京急線のアクセスと品川区の住宅地。羽田・都心方面への通勤に便利です。,13
立会川,B,京急線の利便性と住宅地の落ち着き。品川・横浜方面へのアクセスが良好です。,12.5
蒲田,B,京急・東急・JRが交差する交通の要所。商業・医療も充実した大田区の中心です。,11.5
京急蒲田,P,京急本線の拠点。羽田・都心・横浜へのアクセスに優れ、蒲田エリアのポテンシャルを担う駅。,11.5
池上,B,東急池上線の住宅地。大田区らしい下町の雰囲気があります。,11
雪が谷大塚,B,東急線のアクセスと住宅地の静かさ。多摩川方面へのアクセスも便利です。,11
御嶽山,B,東急線の住宅地。緑が多く落ち着いた住環境です。,11
石川台,B,東急線の利便性と住宅地の落ち着き。都心への通勤にも適しています。,11.5
洗足,B,東急線の閑静な住宅地。目黒に近く住環境の高さで知られています。,15
戸越銀座,B,商店街でにぎわう品川区の住宅地。東急線のアクセスで都心にも出やすく住みやすい街です。,13.5